{"cameraMode":{"drawMode":0,"name":"Shaded","section":"Shading Mode"},"sceneLighting":false,"audioPlay":false,"sceneViewState":{"showFog":true,"showMaterialUpdate":false,"showSkybox":true,"showFlares":true,"showImageEffects":true,"showParticleSystems":true},"in2DMode":false,"pivot":{"x":-2.724886894226074,"y":4.878401279449463,"z":5.875589370727539},"rotation":{"x":-0.2656080722808838,"y":0.6274039149284363,"z":-0.24111267924308778,"w":-0.6911450624465942},"size":2.8578836917877199,"orthographic":false}