{"cameraMode":{"drawMode":0,"name":"Shaded","section":"Shading Mode"},"sceneLighting":true,"audioPlay":false,"sceneViewState":{"showFog":true,"showMaterialUpdate":false,"showSkybox":true,"showFlares":true,"showImageEffects":true,"showParticleSystems":true},"in2DMode":false,"pivot":{"x":2.2493810653686525,"y":3.6430301666259767,"z":5.55030632019043},"rotation":{"x":0.19162617623806,"y":-0.2864644527435303,"z":0.059131745249032977,"w":0.9368676543235779},"size":32.63346481323242,"orthographic":false}