{"cameraMode":{"drawMode":0,"name":"Shaded","section":"Shading Mode"},"sceneLighting":false,"audioPlay":false,"sceneViewState":{"showFog":true,"showMaterialUpdate":false,"showSkybox":true,"showFlares":true,"showImageEffects":true,"showParticleSystems":true},"in2DMode":false,"pivot":{"x":-6.815999984741211,"y":8.65999984741211,"z":-56.45000076293945},"rotation":{"x":-0.1276317685842514,"y":0.38392937183380129,"z":-0.053674910217523578,"w":-0.9129225015640259},"size":19.05923080444336,"orthographic":false}