{"cameraMode":{"drawMode":0,"name":"Shaded","section":"Shading Mode"},"sceneLighting":false,"audioPlay":false,"sceneViewState":{"showFog":true,"showMaterialUpdate":false,"showSkybox":true,"showFlares":true,"showImageEffects":true,"showParticleSystems":true},"in2DMode":false,"pivot":{"x":-0.05011892318725586,"y":1.958193063735962,"z":15.0},"rotation":{"x":-0.08258607238531113,"y":-0.05617889389395714,"z":0.0046634613536298279,"w":-0.9949883818626404},"size":16.886629104614259,"orthographic":false}