{"cameraMode":{"drawMode":0,"name":"Shaded","section":"Shading Mode"},"sceneLighting":false,"audioPlay":false,"sceneViewState":{"showFog":true,"showMaterialUpdate":false,"showSkybox":true,"showFlares":true,"showImageEffects":true,"showParticleSystems":true},"in2DMode":false,"pivot":{"x":-275.92327880859377,"y":-246.47694396972657,"z":19.355201721191408},"rotation":{"x":-0.2656080722808838,"y":0.6274039149284363,"z":-0.24111267924308778,"w":-0.6911450624465942},"size":1.4289418458938599,"orthographic":false}