{"cameraMode":{"drawMode":0,"name":"Shaded","section":"Shading Mode"},"sceneLighting":false,"audioPlay":false,"sceneViewState":{"showFog":true,"showMaterialUpdate":false,"showSkybox":true,"showFlares":true,"showImageEffects":true,"showParticleSystems":true},"in2DMode":false,"pivot":{"x":-58.52521896362305,"y":-173.8761749267578,"z":345.2037658691406},"rotation":{"x":-0.2319721281528473,"y":0.0792650505900383,"z":-0.01897003874182701,"w":-0.9693018794059753},"size":2.8578836917877199,"orthographic":false}