{"cameraMode":{"drawMode":0,"name":"Shaded","section":"Shading Mode"},"sceneLighting":false,"audioPlay":false,"sceneViewState":{"showFog":true,"showMaterialUpdate":false,"showSkybox":true,"showFlares":true,"showImageEffects":true,"showParticleSystems":true},"in2DMode":false,"pivot":{"x":-1.9138985872268677,"y":2.328181743621826,"z":24.183561325073243},"rotation":{"x":0.007805210072547197,"y":-0.043491996824741366,"z":0.000339370162691921,"w":0.9990232586860657},"size":22.1751651763916,"orthographic":false}